﻿<parameters>
  <parameter name="IIS Web Application Name" defaultValue="Default Web Site/" tags="IisApp">
    <parameterEntry kind="ProviderPath" scope="IisApp" match="^C:\\Users\\Prashant\ Shah\\source\\repos\\NITTE\ Bus\ Pass\ System\\NITTE\ Bus\ Pass\ System\\obj\\Debug\\Package\\PackageTmp$" />
    <parameterEntry kind="ProviderPath" scope="setAcl" match="^C:\\Users\\Prashant\ Shah\\source\\repos\\NITTE\ Bus\ Pass\ System\\NITTE\ Bus\ Pass\ System\\obj\\Debug\\Package\\PackageTmp$" />
  </parameter>
  <parameter name="Add write permission to App_Data Folder" description="Add write permission to App_Data folder" defaultValue="{IIS Web Application Name}/App_Data" tags="Hidden">
    <parameterEntry kind="ProviderPath" scope="setAcl" match="^C:\\Users\\Prashant\ Shah\\source\\repos\\NITTE\ Bus\ Pass\ System\\NITTE\ Bus\ Pass\ System\\obj\\Debug\\Package\\PackageTmp\\App_Data$" />
  </parameter>
  <parameter name="dbConnect-Web.config Connection String" description="dbConnect Connection String used in web.config by the application to access the database." defaultValue="Data Source=(LocalDB)\MSSQLLocalDB;AttachDbFilename=|DataDirectory|\BusPassDB.mdf;Integrated Security=True" tags="SqlConnectionString">
    <parameterEntry kind="XmlFile" scope="C:\\Users\\Prashant\ Shah\\source\\repos\\NITTE\ Bus\ Pass\ System\\NITTE\ Bus\ Pass\ System\\obj\\Debug\\Package\\PackageTmp\\Web\.config$" match="/configuration/connectionStrings/add[@name='dbConnect']/@connectionString" />
  </parameter>
</parameters>